COUNTRY,INFECTED,DEAD,RECOVERED,ACTIVE
US,3,0,0,0
US,3,0,0,0
US,2,0,0,0
US,39,0,0,0
US,1,0,0,0
US,0,0,0,0
US,1,0,0,0
US,2,0,0,0
US,50,0,0,0
US,0,0,0,0
US,1,0,0,0
US,1,0,0,0
US,0,0,0,0
US,3,0,0,0
US,1,0,0,0
US,0,0,0,0
US,0,0,0,0
US,7,0,0,0
US,3,0,0,0
US,0,0,0,0
US,12,0,0,0
US,2,0,0,0
US,0,0,0,0
US,49,0,0,0
US,4,0,0,0
US,178,4,0,0
US,0,0,0,0
US,171,0,0,0
US,1,0,0,0
US,6,0,0,0
US,0,0,0,0
US,0,0,0,0
US,0,0,0,0
US,0,0,0,0
US,0,0,0,0
US,0,0,0,0
US,14,0,0,0
US,0,0,0,0
US,0,0,0,0
US,7,0,0,0
US,1,0,0,0
US,0,0,0,0
US,2,0,0,0
US,0,0,0,0
US,0,0,0,0
US,133,2,0,0
US,8,1,0,0
US,0,0,0,0
US,1,0,0,0
US,5,0,0,0
US,0,0,0,0
US,0,0,0,0
US,0,0,0,0
US,0,0,0,0
US,2,0,0,0
US,1,0,0,0
US,1,0,0,0
US,1,0,0,0
US,28,0,0,0
US,0,0,0,0
US,2,1,0,0
US,19,0,0,0
US,3,0,0,0
US,0,0,0,0
US,0,0,0,0
US,0,0,0,0
US,5,0,0,0
US,1,0,0,0
US,41,0,0,0
US,8,0,0,0
US,0,0,0,0
US,0,0,0,0
US,0,0,0,0
US,9,0,0,0
US,1,0,0,0
US,0,0,0,0
US,0,0,0,0
US,0,0,0,0
US,119,0,0,0
US,0,0,0,0
US,0,0,0,0
US,0,0,0,0
US,0,0,0,0
US,54,0,0,0
US,1,0,0,0
US,0,0,0,0
US,0,0,0,0
US,0,0,0,0
US,91,1,0,0
US,0,0,0,0
US,1,0,0,0
US,0,0,0,0
US,0,0,0,0
US,3,0,0,0
US,0,0,0,0
US,5,0,0,0
US,2,0,0,0
US,0,0,0,0
US,1,0,0,0
US,1,0,0,0
US,0,0,0,0
US,10,0,0,0
US,0,0,0,0
US,7,0,0,0
US,0,0,0,0
US,0,0,0,0
US,0,0,0,0
US,0,0,0,0
US,0,0,0,0
US,1,0,0,0
US,6,0,0,0
US,0,0,0,0
US,7,0,0,0
US,0,0,0,0
US,0,0,0,0
US,0,0,0,0
US,5,0,0,0
US,1,0,0,0
US,0,0,0,0
US,5,0,0,0
US,2,0,0,0
US,0,0,0,0
US,81,1,0,0
US,72,0,0,0
US,0,0,0,0
US,0,0,0,0
US,0,0,0,0
US,0,0,0,0
US,3,0,0,0
US,0,0,0,0
US,0,0,0,0
US,0,0,0,0
US,0,0,0,0
US,0,0,0,0
US,67,1,0,0
US,0,0,0,0
US,0,0,0,0
US,0,0,0,0
US,4,0,0,0
US,1,0,0,0
US,0,0,0,0
US,6,0,0,0
US,0,0,0,0
US,0,0,0,0
US,86,1,0,0
US,2,0,0,0
US,1,0,0,0
US,0,0,0,0
US,0,0,0,0
US,0,0,0,0
US,3,0,0,0
US,4,0,0,0
US,1,0,0,0
US,0,0,0,0
US,14,0,0,0
US,0,0,0,0
US,3,0,0,0
US,26,0,0,0
US,3,0,0,0
US,0,0,0,0
US,13,0,0,0
US,0,0,0,0
US,0,0,0,0
US,0,0,0,0
US,0,0,0,0
US,0,0,0,0
US,1,0,0,0
US,3,0,0,0
US,0,0,0,0
US,8,0,0,0
US,0,0,0,0
US,20,1,0,0
US,3,0,0,0
US,0,0,0,0
US,1,0,0,0
US,0,0,0,0
US,0,0,0,0
US,11,0,0,0
US,0,0,0,0
US,0,0,0,0
US,18,0,0,0
US,0,0,0,0
US,2,0,0,0
US,1,0,0,0
US,1,0,0,0
US,1,0,0,0
US,6,0,0,0
US,1,0,0,0
US,19,4,0,0
US,0,0,0,0
US,1206,6,0,0
US,5,0,0,0
US,2,0,0,0
US,36,0,0,0
US,73,0,0,0
US,48,0,0,0
US,0,0,0,0
US,11,0,0,0
US,3,0,0,0
US,0,0,0,0
US,84,3,0,0
US,0,0,0,0
US,8,0,0,0
US,1,1,0,0
US,0,0,0,0
US,0,0,0,0
US,1,0,0,0
US,0,0,0,0
US,2,0,0,0
US,5,0,0,0
US,0,0,0,0
US,0,0,0,0
US,66,2,0,0
US,0,0,0,0
US,0,0,0,0
US,0,0,0,0
US,1,0,0,0
US,1,0,0,0
US,0,0,0,0
US,0,0,0,0
US,0,0,0,0
US,2,0,0,0
US,4,0,0,0
US,6,0,0,0
US,0,0,0,0
US,6,0,0,0
US,1,0,0,0
US,1,0,0,0
US,0,0,0,0
US,0,0,0,0
US,0,0,0,0
US,1,0,0,0
US,0,0,0,0
US,7,0,0,0
US,0,0,0,0
US,1,0,0,0
US,37,1,0,0
US,0,0,0,0
US,0,0,0,0
US,0,0,0,0
US,0,0,0,0
US,32,0,0,0
US,1,0,0,0
US,0,0,0,0
US,66,0,0,0
US,0,0,0,0
US,1,0,0,0
US,2,1,0,0
US,1,0,0,0
US,0,0,0,0
US,0,0,0,0
US,0,0,0,0
US,0,0,0,0
US,0,0,0,0
US,0,0,0,0
US,0,0,0,0
US,1,0,0,0
US,2,0,0,0
US,4,0,0,0
US,5,0,0,0
US,0,0,0,0
US,0,0,0,0
US,0,0,0,0
US,39,0,0,0
US,28,0,0,0
US,2,0,0,0
US,0,0,0,0
US,0,0,0,0
US,13,0,0,0
US,0,0,0,0
US,0,0,0,0
US,90,0,0,0
US,6,0,0,0
US,0,0,0,0
US,0,0,0,0
US,2,0,0,0
US,0,0,0,0
US,0,0,0,0
US,1,0,0,0
US,0,0,0,0
US,0,0,0,0
US,16,2,0,0
US,10,0,0,0
US,504,3,0,0
US,0,0,0,0
US,1,0,0,0
US,0,0,0,0
US,0,0,0,0
US,0,0,0,0
US,0,0,0,0
US,2,0,0,0
US,3,0,0,0
US,4,0,0,0
US,0,0,0,0
US,11,0,0,0
US,0,0,0,0
US,3,0,0,0
US,1,0,0,0
US,1,0,0,0
US,0,0,0,0
US,0,0,0,0
US,0,0,0,0
US,110,0,0,0
US,0,0,0,0
US,0,0,0,0
US,2,0,0,0
US,0,0,0,0
US,0,0,0,0
US,0,0,0,0
US,0,0,0,0
US,2,0,0,0
US,15,0,0,0
US,0,0,0,0
US,1,0,0,0
US,2,0,0,0
US,0,0,0,0
US,22,0,0,0
US,0,0,0,0
US,64,0,0,0
US,1,0,0,0
US,0,0,0,0
US,0,0,0,0
US,1,0,0,0
US,0,0,0,0
US,3,0,0,0
US,0,0,0,0
US,0,0,0,0
US,0,0,0,0
US,21,0,0,0
US,19,1,0,0
US,5,0,0,0
US,0,0,0,0
US,0,0,0,0
US,3,0,0,0
US,18,2,0,0
US,0,0,0,0
US,0,0,0,0
US,115,1,0,0
US,0,0,0,0
US,3,0,0,0
US,15,1,0,0
US,0,0,0,0
US,0,0,0,0
US,0,0,0,0
US,3,0,0,0
US,0,0,0,0
US,1,0,0,0
US,2,0,0,0
US,0,0,0,0
US,0,0,0,0
US,0,0,0,0
US,0,0,0,0
US,0,0,0,0
US,7,0,0,0
US,3,0,0,0
US,1,0,0,0
US,2,0,0,0
US,0,0,0,0
US,0,0,0,0
US,2,0,0,0
US,1,0,0,0
US,1,0,0,0
US,7,0,0,0
US,0,0,0,0
US,1,0,0,0
US,2,0,0,0
US,1,0,0,0
US,73,1,0,0
US,0,0,0,0
US,0,0,0,0
US,0,0,0,0
US,10,0,0,0
US,0,0,0,0
US,1,0,0,0
US,0,0,0,0
US,2,0,0,0
US,0,0,0,0
US,1,0,0,0
US,6,0,0,0
US,0,0,0,0
US,1,0,0,0
US,13,1,0,0
US,3,0,0,0
US,6,0,0,0
US,0,0,0,0
US,2,0,0,0
US,0,0,0,0
US,3,0,0,0
US,0,0,0,0
US,0,0,0,0
US,0,0,0,0
US,1,0,0,0
US,0,0,0,0
US,0,0,0,0
US,50,0,0,0
US,0,0,0,0
US,0,0,0,0
US,1,0,0,0
US,0,0,0,0
US,7,0,0,0
US,0,0,0,0
US,0,0,0,0
US,7,0,0,0
US,3,0,0,0
US,3,0,0,0
US,0,0,0,0
US,0,0,0,0
US,2,0,0,0
US,0,0,0,0
US,1,0,0,0
US,0,0,0,0
US,1,0,0,0
US,0,0,0,0
US,5,0,0,0
US,8,0,0,0
US,5,0,0,0
US,0,0,0,0
US,0,0,0,0
US,0,0,0,0
US,0,0,0,0
US,1,0,0,0
US,1,0,0,0
US,8,0,0,0
US,2,0,0,0
US,6,0,0,0
US,1,0,0,0
US,1,0,0,0
US,6,0,0,0
US,0,0,0,0
US,1,1,0,0
US,9,0,0,0
US,1,0,0,0
US,0,0,0,0
US,0,0,0,0
US,0,0,0,0
US,2,0,0,0
US,4,0,0,0
US,4,0,0,0
US,0,0,0,0
US,0,0,0,0
US,9,0,0,0
US,2,0,0,0
US,5,0,0,0
US,13,0,0,0
US,2,0,0,0
US,10,0,0,0
US,2,0,0,0
US,0,0,0,0
US,10,0,0,0
US,1,0,0,0
US,1,0,0,0
US,52,1,0,0
US,4,0,0,0
US,3,0,0,0
US,0,0,0,0
US,9,0,0,0
US,1,0,0,0
US,0,0,0,0
US,0,0,0,0
US,9,0,0,0
US,9,0,0,0
US,0,0,0,0
US,1,0,0,0
US,0,0,0,0
US,2,0,0,0
US,4,0,0,0
US,7,0,0,0
US,0,0,0,0
US,10,1,0,0
US,7,0,0,0
US,3,0,0,0
US,1,0,0,0
US,38,0,0,0
US,0,0,0,0
US,2,0,0,0
US,4,0,0,0
US,0,0,0,0
US,0,0,0,0
US,0,0,0,0
US,0,0,0,0
US,4,0,0,0
US,1,0,0,0
US,84,0,0,0
US,1,0,0,0
US,2,0,0,0
US,3,0,0,0
US,12,0,0,0
US,0,0,0,0
US,0,0,0,0
US,0,0,0,0
US,0,0,0,0
US,7,0,0,0
US,0,0,0,0
US,0,0,0,0
US,4,0,0,0
US,1,0,0,0
US,0,0,0,0
US,1,0,0,0
US,2,0,0,0
US,75,4,0,0
US,1,0,0,0
US,4,0,0,0
US,0,0,0,0
US,0,0,0,0
US,0,0,0,0
US,1,0,0,0
US,2,0,0,0
US,2,0,0,0
US,0,0,0,0
US,1,0,0,0
US,0,0,0,0
US,11,1,0,0
US,21,2,0,0
US,2,0,0,0
US,0,0,0,0
US,2,0,0,0
US,5,0,0,0
US,1,0,0,0
US,5,1,0,0
US,0,0,0,0
US,15,0,0,0
US,0,0,0,0
US,0,0,0,0
US,10,0,0,0
US,0,0,0,0
US,2,0,0,0
US,0,0,0,0
US,350,6,0,0
US,2,0,0,0
US,0,0,0,0
US,48,5,0,0
US,1,0,0,0
US,0,0,0,0
US,24,1,0,0
US,0,0,0,0
US,0,0,0,0
US,0,0,0,0
US,2,0,0,0
US,1,0,0,0
US,0,0,0,0
US,19,4,0,0
US,0,0,0,0
US,0,0,0,0
US,0,0,0,0
US,0,0,0,0
US,0,0,0,0
US,0,0,0,0
US,4,0,0,0
US,1,0,0,0
US,5,0,0,0
US,0,0,0,0
US,0,0,0,0
US,0,0,0,0
US,0,0,0,0
US,0,0,0,0
US,0,0,0,0
US,32,0,0,0
US,1,0,0,0
US,3,0,0,0
US,2,0,0,0
US,0,0,0,0
US,0,0,0,0
US,1,0,0,0
US,47,1,0,0
US,6,0,0,0
US,3,0,0,0
US,2,0,0,0
US,39,3,0,0
US,1,0,0,0
US,4,0,0,0
US,0,0,0,0
US,0,0,0,0
US,0,0,0,0
US,7,0,0,0
US,1,0,0,0
US,11,0,0,0
US,2,0,0,0
US,0,0,0,0
US,0,0,0,0
US,17,0,0,0
US,0,0,0,0
US,115,2,0,0
US,2,0,0,0
US,0,0,0,0
US,1,0,0,0
US,28,1,0,0
US,1,0,0,0
US,1,0,0,0
US,2,0,0,0
US,0,0,0,0
US,0,0,0,0
US,0,0,0,0
US,1,0,0,0
US,8,0,0,0
US,0,0,0,0
US,0,0,0,0
US,0,0,0,0
US,0,0,0,0
US,1,0,0,0
US,65,0,0,0
US,66,1,0,0
US,0,0,0,0
US,0,0,0,0
US,0,0,0,0
US,4,0,0,0
US,1,0,0,0
US,3,0,0,0
US,10,0,0,0
US,24,0,0,0
US,0,0,0,0
US,3,0,0,0
US,1,0,0,0
US,5,0,0,0
US,5,1,0,0
US,0,0,0,0
US,0,0,0,0
US,8,0,0,0
US,0,0,0,0
US,3,0,0,0
US,0,0,0,0
US,0,0,0,0
US,0,0,0,0
US,0,0,0,0
US,0,0,0,0
US,131,1,0,0
US,0,0,0,0
US,1,0,0,0
US,0,0,0,0
US,1418,18,0,0
US,0,0,0,0
US,0,0,0,0
US,1,0,0,0
US,0,0,0,0
US,0,0,0,0
US,2,0,0,0
US,8,0,0,0
US,0,0,0,0
US,3,0,0,0
US,1,0,0,0
US,4,0,0,0
US,0,0,0,0
US,0,0,0,0
US,0,0,0,0
US,0,0,0,0
US,0,0,0,0
US,0,0,0,0
US,0,0,0,0
US,12,0,0,0
US,0,0,0,0
US,7,0,0,0
US,1,0,0,0
US,0,0,0,0
US,4,0,0,0
US,1,0,0,0
US,3,0,0,0
US,1,0,0,0
US,0,0,0,0
US,0,0,0,0
US,0,0,0,0
US,0,0,0,0
US,3,0,0,0
US,0,0,0,0
US,0,0,0,0
US,1,0,0,0
US,1,0,0,0
US,0,0,0,0
US,10,0,0,0
US,0,0,0,0
US,4,0,0,0
US,7,0,0,0
US,0,0,0,0
US,0,0,0,0
US,0,0,0,0
US,0,0,0,0
US,0,0,0,0
US,0,0,0,0
US,1,0,0,0
US,0,0,0,0
US,1,1,0,0
US,0,0,0,0
US,6,0,0,0
US,2,0,0,0
US,1,0,0,0
US,0,0,0,0
US,90,0,0,0
US,4,0,0,0
US,8,0,0,0
US,15,0,0,0
US,6,0,0,0
US,0,0,0,0
US,0,0,0,0
US,0,0,0,0
US,1,0,0,0
US,0,0,0,0
US,0,0,0,0
US,1,0,0,0
US,0,0,0,0
US,0,0,0,0
US,3,0,0,0
US,0,0,0,0
US,259,2,0,0
US,0,0,0,0
US,0,0,0,0
US,0,0,0,0
US,25,0,0,0
US,0,0,0,0
US,0,0,0,0
US,0,0,0,0
US,2,0,0,0
US,0,0,0,0
US,7,0,0,0
US,0,0,0,0
US,303,7,0,0
US,134,1,0,0
US,0,0,0,0
US,2,0,0,0
US,1,0,0,0
US,1,0,0,0
US,8,0,0,0
US,13,0,0,0
US,4,0,0,0
US,293,2,0,0
US,1,0,0,0
US,0,0,0,0
US,14,0,0,0
US,0,0,0,0
US,0,0,0,0
US,39,1,0,0
US,2,0,0,0
US,0,0,0,0
US,3,0,0,0
US,0,0,0,0
US,0,0,0,0
US,0,0,0,0
US,0,0,0,0
US,0,0,0,0
US,11,1,0,0
US,0,0,0,0
US,1,0,0,0
US,129,0,0,0
US,1,0,0,0
US,1,0,0,0
US,0,0,0,0
US,0,0,0,0
US,5,0,0,0
US,49,0,0,0
US,2,0,0,0
US,2,0,0,0
US,3,0,0,0
US,2,0,0,0
US,13,0,0,0
US,0,0,0,0
US,0,0,0,0
US,0,0,0,0
US,0,0,0,0
US,2,0,0,0
US,0,0,0,0
US,7,1,0,0
US,0,0,0,0
US,7,0,0,0
US,15,0,0,0
US,1,0,0,0
US,156,2,0,0
US,1,0,0,0
US,0,0,0,0
US,0,0,0,0
US,0,0,0,0
US,0,0,0,0
US,83,1,0,0
US,262,3,0,0
US,1,0,0,0
US,15,0,0,0
US,2,0,0,0
US,0,0,0,0
US,0,0,0,0
US,0,0,0,0
US,0,0,0,0
US,0,0,0,0
US,0,0,0,0
US,0,0,0,0
US,0,0,0,0
US,0,0,0,0
US,0,0,0,0
US,7,0,0,0
US,0,0,0,0
US,1,0,0,0
US,0,0,0,0
US,0,0,0,0
US,231,3,0,0
US,0,0,0,0
US,0,0,0,0
US,0,0,0,0
US,0,0,0,0
US,1,0,0,0
US,5,0,0,0
US,0,0,0,0
US,3,0,0,0
US,0,0,0,0
US,13,0,0,0
US,1,0,0,0
US,0,0,0,0
US,0,0,0,0
US,0,0,0,0
US,0,0,0,0
US,4,0,0,0
US,156,6,0,0
US,67,0,0,0
US,18,0,0,0
US,1,0,0,0
US,13,0,0,0
US,0,0,0,0
US,0,0,0,0
US,44,0,0,0
US,3,0,0,0
US,3,0,0,0
US,0,0,0,0
US,5,0,0,0
US,4,0,0,0
US,0,0,0,0
US,1,0,0,0
US,131,1,0,0
US,1,0,0,0
US,6,1,0,0
US,0,0,0,0
US,0,0,0,0
US,3,0,0,0
US,0,0,0,0
US,2,0,0,0
US,1,0,0,0
US,1,0,0,0
US,1,0,0,0
US,93,0,0,0
US,190,1,0,0
US,74,3,0,0
US,0,0,0,0
US,3,0,0,0
US,147,1,0,0
US,7,1,0,0
US,105,4,0,0
US,0,0,0,0
US,4,0,0,0
US,2,0,0,0
US,4,0,0,0
US,6,0,0,0
US,0,0,0,0
US,0,0,0,0
US,1,1,0,0
US,0,0,0,0
US,0,0,0,0
US,0,0,0,0
US,1,0,0,0
US,0,0,0,0
US,0,0,0,0
US,0,0,0,0
US,0,0,0,0
US,0,0,0,0
US,3,0,0,0
US,0,0,0,0
US,3,0,0,0
US,137,5,0,0
US,28,0,0,0
US,3,0,0,0
US,0,0,0,0
US,0,0,0,0
US,0,0,0,0
US,7,0,0,0
US,2,0,0,0
US,0,0,0,0
US,0,0,0,0
US,0,0,0,0
US,7,0,0,0
US,0,0,0,0
US,10,0,0,0
US,0,0,0,0
US,0,0,0,0
US,0,0,0,0
US,0,0,0,0
US,2,0,0,0
US,0,0,0,0
US,0,0,0,0
US,1,0,0,0
US,206,2,0,0
US,3,1,0,0
US,5,0,0,0
US,0,0,0,0
US,19,0,0,0
US,0,0,0,0
US,247,2,0,0
US,609,4,0,0
US,5,0,0,0
US,0,0,0,0
US,0,0,0,0
US,0,0,0,0
US,4,0,0,0
US,0,0,0,0
US,2,0,0,0
US,0,0,0,0
US,11,0,0,0
US,79,1,0,0
US,1,0,0,0
US,607,13,0,0
US,6,0,0,0
US,3,0,0,0
US,0,0,0,0
US,0,0,0,0
US,1,0,0,0
US,0,0,0,0
US,1,0,0,0
US,1,0,0,0
US,0,0,0,0
US,0,0,0,0
US,24,0,0,0
US,1,0,0,0
US,0,0,0,0
US,14,1,0,0
US,0,0,0,0
US,3,0,0,0
US,1,0,0,0
US,28,1,0,0
US,1,0,0,0
US,8,0,0,0
US,3,0,0,0
US,1,0,0,0
US,0,0,0,0
US,0,0,0,0
US,0,0,0,0
US,1,0,0,0
US,3,0,0,0
US,0,0,0,0
US,0,0,0,0
US,0,0,0,0
US,7,0,0,0
US,5,0,0,0
US,0,0,0,0
US,5,2,0,0
US,0,0,0,0
US,16,1,0,0
US,7,0,0,0
US,0,0,0,0
US,0,0,0,0
US,0,0,0,0
US,0,0,0,0
US,3,0,0,0
US,0,0,0,0
US,17,1,0,0
US,0,0,0,0
US,0,0,0,0
US,0,0,0,0
US,0,0,0,0
US,16,0,0,0
US,15,0,0,0
US,17,0,0,0
US,86,0,0,0
US,1,0,0,0
US,1,0,0,0
US,3,0,0,0
US,0,0,0,0
US,0,0,0,0
US,0,0,0,0
US,0,0,0,0
US,0,0,0,0
US,13,1,0,0
US,0,0,0,0
US,1,0,0,0
US,2,0,0,0
US,0,0,0,0
US,1,0,0,0
US,16,1,0,0
US,2,0,0,0
US,4,0,0,0
US,0,0,0,0
US,1,0,0,0
US,5,0,0,0
US,109,2,0,0
US,5,0,0,0
US,2,0,0,0
US,0,0,0,0
US,4,0,0,0
US,1,0,0,0
US,7,0,0,0
US,0,0,0,0
US,14,0,0,0
US,2,0,0,0
US,1,0,0,0
US,0,0,0,0
US,0,0,0,0
US,1,0,0,0
US,1,0,0,0
US,0,0,0,0
US,14,0,0,0
US,19,0,0,0
US,0,0,0,0
US,0,0,0,0
US,0,0,0,0
US,211,2,0,0
US,0,0,0,0
US,0,0,0,0
US,0,0,0,0
US,1,0,0,0
US,0,0,0,0
US,0,0,0,0
US,0,0,0,0
US,1,0,0,0
US,1,0,0,0
US,1,0,0,0
US,0,0,0,0
US,0,0,0,0
US,0,0,0,0
US,38,0,0,0
US,1,1,0,0
US,40,0,0,0
US,0,0,0,0
US,16,0,0,0
US,0,0,0,0
US,0,0,0,0
US,0,0,0,0
US,0,0,0,0
US,0,0,0,0
US,18,0,0,0
US,0,0,0,0
US,3,0,0,0
US,2,0,0,0
US,0,0,0,0
US,0,0,0,0
US,12,0,0,0
US,0,0,0,0
US,0,0,0,0
US,7,0,0,0
US,0,0,0,0
US,63,2,0,0
US,4,0,0,0
US,0,0,0,0
US,0,0,0,0
US,1,0,0,0
US,2,0,0,0
US,3,0,0,0
US,2,0,0,0
US,0,0,0,0
US,0,0,0,0
US,0,0,0,0
US,0,0,0,0
US,0,0,0,0
US,0,0,0,0
US,0,0,0,0
US,0,0,0,0
US,0,0,0,0
US,0,0,0,0
US,0,0,0,0
US,2,0,0,0
US,0,0,0,0
US,0,0,0,0
US,0,0,0,0
US,33,0,0,0
US,2,0,0,0
US,5,0,0,0
US,0,0,0,0
US,0,0,0,0
US,0,0,0,0
US,0,0,0,0
US,0,0,0,0
US,3,0,0,0
US,1,0,0,0
US,0,0,0,0
US,9,0,0,0
US,0,0,0,0
US,0,0,0,0
US,0,0,0,0
US,0,0,0,0
US,2,0,0,0
US,22,0,0,0
US,2,0,0,0
US,0,0,0,0
US,0,0,0,0
US,0,0,0,0
US,2,0,0,0
US,0,0,0,0
US,0,0,0,0
US,0,0,0,0
US,3,0,0,0
US,0,0,0,0
US,3,0,0,0
US,3,0,0,0
US,0,0,0,0
US,0,0,0,0
US,1,0,0,0
US,0,0,0,0
US,0,0,0,0
US,0,0,0,0
US,0,0,0,0
US,0,0,0,0
US,1,0,0,0
US,0,0,0,0
US,33,1,0,0
US,0,0,0,0
US,1,0,0,0
US,1,0,0,0
US,0,0,0,0
US,0,0,0,0
US,0,0,0,0
US,0,0,0,0
US,1,0,0,0
US,0,0,0,0
US,2,0,0,0
US,0,0,0,0
US,0,0,0,0
US,0,0,0,0
US,0,0,0,0
US,1,0,0,0
US,0,0,0,0
US,0,0,0,0
US,0,0,0,0
US,1,0,0,0
US,1,0,0,0
US,0,0,0,0
US,0,0,0,0
US,0,0,0,0
US,0,0,0,0
US,25,3,0,0
US,5,0,0,0
US,0,0,0,0
US,3,0,0,0
US,3,0,0,0
US,8,0,0,0
US,0,0,0,0
US,0,0,0,0
US,0,0,0,0
US,0,0,0,0
US,50,0,0,0
US,0,0,0,0
US,2,0,0,0
US,0,0,0,0
US,4,0,0,0
US,0,0,0,0
US,2,0,0,0
US,0,0,0,0
US,2,0,0,0
US,1,0,0,0
US,0,0,0,0
US,0,0,0,0
US,1,0,0,0
US,0,0,0,0
US,9,0,0,0
US,0,0,0,0
US,24,0,0,0
US,0,0,0,0
US,57,1,0,0
US,0,0,0,0
US,75,1,0,0
US,0,0,0,0
US,0,0,0,0
US,0,0,0,0
US,0,0,0,0
US,1,0,0,0
US,0,0,0,0
US,1,0,0,0
US,21,0,0,0
US,0,0,0,0
US,0,0,0,0
US,2,0,0,0
US,0,0,0,0
US,0,0,0,0
US,40,0,0,0
US,0,0,0,0
US,0,0,0,0
US,0,0,0,0
US,2,0,0,0
US,53,0,0,0
US,30,1,0,0
US,0,0,0,0
US,0,0,0,0
US,55,1,0,0
US,17,0,0,0
US,0,0,0,0
US,0,0,0,0
US,1,0,0,0
US,0,0,0,0
US,0,0,0,0
US,9,1,0,0
US,3,0,0,0
US,0,0,0,0
US,0,0,0,0
US,6,1,0,0
US,2,0,0,0
US,0,0,0,0
US,1,0,0,0
US,0,0,0,0
US,2,0,0,0
US,0,0,0,0
US,0,0,0,0
US,0,0,0,0
US,0,0,0,0
US,0,0,0,0
US,0,0,0,0
US,0,0,0,0
US,0,0,0,0
US,2,0,0,0
US,0,0,0,0
US,1,0,0,0
US,2,0,0,0
US,0,0,0,0
US,0,0,0,0
US,0,0,0,0
US,9,0,0,0
US,0,0,0,0
US,0,0,0,0
US,0,0,0,0
US,11,1,0,0
US,0,0,0,0
US,0,0,0,0
US,0,0,0,0
US,1,0,0,0
US,203,2,0,0
US,2,0,0,0
US,3,0,0,0
US,10,0,0,0
US,31,0,0,0
US,0,0,0,0
US,0,0,0,0
US,1,0,0,0
US,3,0,0,0
US,3,0,0,0
US,0,0,0,0
US,0,0,0,0
US,138,2,0,0
US,0,0,0,0
US,0,0,0,0
US,0,0,0,0
US,0,0,0,0
US,0,0,0,0
US,4,0,0,0
US,1,0,0,0
US,0,0,0,0
US,11,0,0,0
US,0,0,0,0
US,0,0,0,0
US,1,0,0,0
US,0,0,0,0
US,1,0,0,0
US,0,0,0,0
US,2,0,0,0
US,6,0,0,0
US,0,0,0,0
US,0,0,0,0
US,21,0,0,0
US,0,0,0,0
US,128,0,0,0
US,21,2,0,0
US,0,0,0,0
US,25,0,0,0
US,0,0,0,0
US,0,0,0,0
US,1,0,0,0
US,0,0,0,0
US,1,0,0,0
US,0,0,0,0
US,0,0,0,0
US,0,0,0,0
US,7,0,0,0
US,9,0,0,0
US,3,0,0,0
US,0,0,0,0
US,0,0,0,0
US,0,0,0,0
US,0,0,0,0
US,0,0,0,0
US,9,0,0,0
US,1,0,0,0
US,0,0,0,0
US,5,0,0,0
US,1,0,0,0
US,0,0,0,0
US,142,1,0,0
US,30,1,0,0
US,5,0,0,0
US,43,0,0,0
US,1,0,0,0
US,0,0,0,0
US,0,0,0,0
US,5,0,0,0
US,0,0,0,0
US,2,0,0,0
US,0,0,0,0
US,7,1,0,0
US,0,0,0,0
US,0,0,0,0
US,0,0,0,0
US,68,0,0,0
US,1,0,0,0
US,1,0,0,0
US,0,0,0,0
US,0,0,0,0
US,0,0,0,0
US,0,0,0,0
US,1,0,0,0
US,20,1,0,0
US,1,0,0,0
US,0,0,0,0
US,0,0,0,0
US,3,0,0,0
US,9,0,0,0
US,0,0,0,0
US,3,0,0,0
US,0,0,0,0
US,0,0,0,0
US,6,1,0,0
US,0,0,0,0
US,49,0,0,0
US,0,0,0,0
US,0,0,0,0
US,0,0,0,0
US,0,0,0,0
US,0,0,0,0
US,441,1,0,0
US,0,0,0,0
US,1,0,0,0
US,0,0,0,0
US,1,0,0,0
US,10,0,0,0
US,0,0,0,0
US,0,0,0,0
US,1,0,0,0
US,0,0,0,0
US,1,0,0,0
US,39,0,0,0
US,0,0,0,0
US,0,0,0,0
US,0,0,0,0
US,3,0,0,0
US,0,0,0,0
US,0,0,0,0
US,1,0,0,0
US,0,0,0,0
US,3,0,0,0
US,17,1,0,0
US,0,0,0,0
US,1,0,0,0
US,9,0,0,0
US,3,0,0,0
US,13,0,0,0
US,1,0,0,0
US,22,0,0,0
US,2,0,0,0
US,2,0,0,0
US,1,0,0,0
US,0,0,0,0
US,3,0,0,0
US,13,0,0,0
US,0,0,0,0
US,0,0,0,0
US,0,0,0,0
US,0,0,0,0
US,0,0,0,0
US,0,0,0,0
US,2,0,0,0
US,3,0,0,0
US,0,0,0,0
US,64,1,0,0
US,2,0,0,0
US,0,0,0,0
US,0,0,0,0
US,3,0,0,0
US,0,0,0,0
US,0,0,0,0
US,4,1,0,0
US,0,0,0,0
US,0,0,0,0
US,1,0,0,0
US,1,0,0,0
US,1,0,0,0
US,2,0,0,0
US,0,0,0,0
US,1,0,0,0
US,0,0,0,0
US,1,0,0,0
US,17,0,0,0
US,1,0,0,0
US,16,0,0,0
US,31,1,0,0
US,1,0,0,0
US,0,0,0,0
US,1,0,0,0
US,4,0,0,0
US,0,0,0,0
US,0,0,0,0
US,0,0,0,0
US,4,0,0,0
US,0,0,0,0
US,49,2,0,0
US,2,0,0,0
US,0,0,0,0
US,3,1,0,0
US,2,0,0,0
US,0,0,0,0
US,2,0,0,0
US,2,0,0,0
US,0,0,0,0
US,0,0,0,0
US,0,0,0,0
US,0,0,0,0
US,159,0,0,0
US,23,0,0,0
US,131,2,0,0
US,0,0,0,0
US,0,0,0,0
US,2,0,0,0
US,0,0,0,0
US,0,0,0,0
US,0,0,0,0
US,1,0,0,0
US,35,2,0,0
US,458,12,0,0
US,0,0,0,0
US,10,0,0,0
US,1,0,0,0
US,0,0,0,0
US,4,0,0,0
US,1,0,0,0
US,0,0,0,0
US,0,0,0,0
US,0,0,0,0
US,4,0,0,0
US,7,1,0,0
US,11,0,0,0
US,3,0,0,0
US,5,0,0,0
US,1,0,0,0
US,0,0,0,0
US,0,0,0,0
US,4,0,0,0
US,0,0,0,0
US,0,0,0,0
US,0,0,0,0
US,1,0,0,0
US,0,0,0,0
US,0,0,0,0
US,0,0,0,0
US,1,0,0,0
US,0,0,0,0
US,0,0,0,0
US,0,0,0,0
US,36,3,0,0
US,49,0,0,0
US,59,1,0,0
US,0,0,0,0
US,8,0,0,0
US,0,0,0,0
US,0,0,0,0
US,3,0,0,0
US,1,0,0,0
US,9,0,0,0
US,0,0,0,0
US,1,0,0,0
US,0,0,0,0
US,1,0,0,0
US,0,0,0,0
US,0,0,0,0
US,0,0,0,0
US,4,0,0,0
US,0,0,0,0
US,0,0,0,0
US,2,0,0,0
US,1,0,0,0
US,1,0,0,0
US,10,0,0,0
US,0,0,0,0
US,2,0,0,0
US,0,0,0,0
US,5,0,0,0
US,1,0,0,0
US,38,1,0,0
US,0,0,0,0
US,6,0,0,0
US,64,0,0,0
US,1,0,0,0
US,2,0,0,0
US,2,0,0,0
US,11,0,0,0
US,0,0,0,0
US,0,0,0,0
US,0,0,0,0
US,0,0,0,0
US,4,0,0,0
US,6,0,0,0
US,3,0,0,0
US,0,0,0,0
US,6,0,0,0
US,19,0,0,0
US,17,0,0,0
US,1,0,0,0
US,41,1,0,0
US,9,0,0,0
US,0,0,0,0
US,8,0,0,0
US,0,0,0,0
US,29,0,0,0
US,0,0,0,0
US,63,1,0,0
US,11,0,0,0
US,0,0,0,0
US,0,0,0,0
US,0,0,0,0
US,0,0,0,0
US,0,0,0,0
US,0,0,0,0
US,0,0,0,0
US,1577,109,0,0
US,0,0,0,0
US,0,0,0,0
US,0,0,0,0
US,0,0,0,0
US,0,0,0,0
US,0,0,0,0
US,0,0,0,0
US,0,0,0,0
US,0,0,0,0
US,0,0,0,0
US,0,0,0,0
US,0,0,0,0
US,1,0,0,0
US,33,0,0,0
US,8,0,0,0
US,0,0,0,0
US,1,0,0,0
US,0,0,0,0
US,7,0,0,0
US,0,0,0,0
US,0,0,0,0
US,0,0,0,0
US,0,0,0,0
US,1,0,0,0
US,0,0,0,0
US,2,0,0,0
US,2,0,0,0
US,26,0,0,0
US,0,0,0,0
US,0,0,0,0
US,0,0,0,0
US,9,0,0,0
US,0,0,0,0
US,1,0,0,0
US,0,0,0,0
US,12,0,0,0
US,2,0,0,0
US,5,0,0,0
US,0,0,0,0
US,0,0,0,0
US,0,0,0,0
US,2,0,0,0
US,3,0,0,0
US,0,0,0,0
US,0,0,0,0
US,0,0,0,0
US,28,2,0,0
US,0,0,0,0
US,0,0,0,0
US,0,0,0,0
US,30,0,0,0
US,10,0,0,0
US,2,0,0,0
US,0,0,0,0
US,28,1,0,0
US,0,0,0,0
US,0,0,0,0
US,25,0,0,0
US,139,0,0,0
US,31,0,0,0
US,0,0,0,0
US,0,0,0,0
US,0,0,0,0
US,19,0,0,0
US,0,0,0,0
US,0,0,0,0
US,0,0,0,0
US,0,0,0,0
US,0,0,0,0
US,1,0,0,0
US,3,0,0,0
US,4,0,0,0
US,1,0,0,0
US,0,0,0,0
US,5,0,0,0
US,0,0,0,0
US,3,0,0,0
US,21,0,0,0
US,6,0,0,0
US,0,0,0,0
US,0,0,0,0
US,0,0,0,0
US,7,1,0,0
US,0,0,0,0
US,0,0,0,0
US,3,0,0,0
US,14,0,0,0
US,61,1,0,0
US,0,0,0,0
US,0,0,0,0
US,0,0,0,0
US,0,0,0,0
US,0,0,0,0
US,9,0,0,0
US,3,0,0,0
US,0,0,0,0
US,1,0,0,0
US,7,0,0,0
US,0,0,0,0
US,1,0,0,0
US,3,0,0,0
US,1,0,0,0
US,0,0,0,0
US,2,0,0,0
US,0,0,0,0
US,5,0,0,0
US,0,0,0,0
US,1,0,0,0
US,1,0,0,0
US,0,0,0,0
US,0,0,0,0
US,0,0,0,0
US,6,0,0,0
US,1,0,0,0
US,4,0,0,0
US,12,0,0,0
US,4,0,0,0
US,47,0,0,0
US,0,0,0,0
US,56,3,0,0
US,30,0,0,0
US,0,0,0,0
US,0,0,0,0
US,0,0,0,0
US,15,0,0,0
US,2,0,0,0
US,2,0,0,0
US,0,0,0,0
US,2,0,0,0
US,1,0,0,0
US,13,0,0,0
US,63,1,0,0
US,0,0,0,0
US,5,0,0,0
US,3,0,0,0
US,9,1,0,0
US,0,0,0,0
US,0,0,0,0
US,0,0,0,0
US,0,0,0,0
US,0,0,0,0
US,0,0,0,0
US,0,0,0,0
US,0,0,0,0
US,2,0,0,0
US,5,0,0,0
US,0,0,0,0
US,5,0,0,0
US,18,1,0,0
US,0,0,0,0
US,0,0,0,0
US,1,0,0,0
US,0,0,0,0
US,1,0,0,0
US,5,0,0,0
US,13,0,0,0
US,1,0,0,0
US,5,0,0,0
US,0,0,0,0
US,1,0,0,0
US,0,0,0,0
US,0,0,0,0
US,0,0,0,0
US,3,0,0,0
US,5,0,0,0
US,0,0,0,0
US,6,0,0,0
US,1,0,0,0
US,1,0,0,0
US,3,0,0,0
US,0,0,0,0
US,0,0,0,0
US,1,0,0,0
US,1,0,0,0
US,1,0,0,0
US,2,0,0,0
US,1,0,0,0
US,1,0,0,0
US,0,0,0,0
US,0,0,0,0
US,0,0,0,0
US,12,0,0,0
US,4,0,0,0
US,0,0,0,0
US,26,1,0,0
US,0,0,0,0
US,44,0,0,0
US,0,0,0,0
US,0,0,0,0
US,1,0,0,0
US,0,0,0,0
US,11,0,0,0
US,21,1,0,0
US,0,0,0,0
US,3,0,0,0
US,2,0,0,0
US,0,0,0,0
US,2,0,0,0
US,1,0,0,0
US,0,0,0,0
US,1,0,0,0
US,0,0,0,0
US,0,0,0,0
US,2,0,0,0
US,3,0,0,0
US,1,0,0,0
US,1,0,0,0
US,1,0,0,0
US,44,0,0,0
US,0,0,0,0
US,1229,21,0,0
US,6,0,0,0
US,28,1,0,0
US,0,0,0,0
US,4,0,0,0
US,0,0,0,0
US,0,0,0,0
US,0,0,0,0
US,1,0,0,0
US,12,0,0,0
US,8,0,0,0
US,19,0,0,0
US,0,0,0,0
US,35,2,0,0
US,0,0,0,0
US,4,0,0,0
US,0,0,0,0
US,0,0,0,0
US,36,1,0,0
US,1,0,0,0
US,1,0,0,0
US,2,0,0,0
US,0,0,0,0
US,0,0,0,0
US,4,0,0,0
US,1,0,0,0
US,0,0,0,0
US,1,0,0,0
US,0,0,0,0
US,347,11,0,0
US,0,0,0,0
US,1,0,0,0
US,0,0,0,0
US,0,0,0,0
US,0,0,0,0
US,1,0,0,0
US,0,0,0,0
US,7,0,0,0
US,43,0,0,0
US,0,0,0,0
US,0,0,0,0
US,2,0,0,0
US,2,0,0,0
US,3,0,0,0
US,4,0,0,0
US,0,0,0,0
US,2,0,0,0
US,1,0,0,0
US,21,0,0,0
US,0,0,0,0
US,2,0,0,0
US,1,0,0,0
US,9,1,0,0
US,0,0,0,0
US,3,0,0,0
US,2,0,0,0
US,0,0,0,0
US,1,0,0,0
US,0,0,0,0
US,1,0,0,0
US,0,0,0,0
US,51,1,0,0
US,0,0,0,0
US,0,0,0,0
US,0,0,0,0
US,0,0,0,0
US,26,1,0,0
US,1,0,0,0
US,0,0,0,0
US,1,0,0,0
US,1,0,0,0
US,299,2,0,0
US,0,0,0,0
US,60,0,0,0
US,0,0,0,0
US,7,0,0,0
US,0,0,0,0
US,5,0,0,0
US,0,0,0,0
US,0,0,0,0
US,293,6,0,0
US,0,0,0,0
US,0,0,0,0
US,0,0,0,0
US,1,0,0,0
US,0,0,0,0
US,4,0,0,0
US,57,2,0,0
US,1,0,0,0
US,2,0,0,0
US,0,0,0,0
US,1,0,0,0
US,0,0,0,0
US,1,0,0,0
US,1,0,0,0
US,0,0,0,0
US,3,0,0,0
US,1,0,0,0
US,1,0,0,0
US,0,0,0,0
US,0,0,0,0
US,0,0,0,0
US,0,0,0,0
US,7,0,0,0
US,0,0,0,0
US,0,0,0,0
US,0,0,0,0
US,2,0,0,0
US,8,0,0,0
US,0,0,0,0
US,1,0,0,0
US,12,0,0,0
US,0,0,0,0
US,1,0,0,0
US,0,0,0,0
US,0,0,0,0
US,0,0,0,0
US,0,0,0,0
US,0,0,0,0
US,2,0,0,0
US,0,0,0,0
US,0,0,0,0
US,9,1,0,0
US,0,0,0,0
US,1,0,0,0
US,13,0,0,0
US,7,0,0,0
US,1,0,0,0
US,2,0,0,0
US,2,0,0,0
US,0,0,0,0
US,2,0,0,0
US,0,0,0,0
US,2,0,0,0
US,0,0,0,0
US,0,0,0,0
US,0,0,0,0
US,1,0,0,0
US,0,0,0,0
US,2,0,0,0
US,0,0,0,0
US,0,0,0,0
US,19,1,0,0
US,1,0,0,0
US,0,0,0,0
US,0,0,0,0
US,0,0,0,0
US,0,0,0,0
US,0,0,0,0
US,3,0,0,0
US,8,1,0,0
US,0,0,0,0
US,0,0,0,0
US,28,0,0,0
US,0,0,0,0
US,3,0,0,0
US,0,0,0,0
US,0,0,0,0
US,0,0,0,0
US,0,0,0,0
US,0,0,0,0
US,0,0,0,0
US,0,0,0,0
US,1,0,0,0
US,1,0,0,0
US,204,0,0,0
US,3,0,0,0
US,1,1,0,0
US,24,0,0,0
US,1,0,0,0
US,0,0,0,0
US,0,0,0,0
US,1,0,0,0
US,0,0,0,0
US,0,0,0,0
US,0,0,0,0
US,2,0,0,0
US,1,0,0,0
US,0,0,0,0
US,0,0,0,0
US,2,0,0,0
US,0,0,0,0
US,0,0,0,0
US,0,0,0,0
US,111,0,0,0
US,0,0,0,0
US,1,0,0,0
US,3,0,0,0
US,2,0,0,0
US,1,0,0,0
US,0,0,0,0
US,5,0,0,0
US,6,0,0,0
US,0,0,0,0
US,1,0,0,0
US,0,0,0,0
US,20,2,0,0
US,616,0,0,0
US,18,1,0,0
US,538,4,0,0
US,505,0,0,0
US,0,0,0,0
US,6,0,0,0
US,6,1,0,0
US,0,0,0,0
US,2,0,0,0
US,0,0,0,0
US,0,0,0,0
US,0,0,0,0
US,2,0,0,0
US,0,0,0,0
US,0,0,0,0
US,0,0,0,0
US,347,7,0,0
US,0,0,0,0
US,0,0,0,0
US,0,0,0,0
US,0,0,0,0
US,0,0,0,0
US,0,0,0,0
US,0,0,0,0
US,16,0,0,0
US,1,0,0,0
US,0,0,0,0
US,0,0,0,0
US,7,0,0,0
US,10,0,0,0
US,0,0,0,0
US,2,0,0,0
US,1,0,0,0
US,0,0,0,0
US,18,0,0,0
US,0,0,0,0
US,0,0,0,0
US,2,0,0,0
US,2,0,0,0
US,501,3,0,0
US,4,0,0,0
US,1,0,0,0
US,18,0,0,0
US,0,0,0,0
US,0,0,0,0
US,12,0,0,0
US,3,0,0,0
US,2,0,0,0
US,6,0,0,0
US,0,0,0,0
US,0,0,0,0
US,21,0,0,0
US,3,0,0,0
US,0,0,0,0
US,148,4,0,0
US,0,0,0,0
US,67,2,0,0
US,2,0,0,0
US,0,0,0,0
US,1,0,0,0
US,0,0,0,0
US,3,0,0,0
US,24,1,0,0
US,0,0,0,0
US,17,0,0,0
US,0,0,0,0
US,0,0,0,0
US,0,0,0,0
US,2,0,0,0
US,0,0,0,0
US,0,0,0,0
US,2,0,0,0
US,164,1,0,0
US,4,0,0,0
US,2,0,0,0
US,5,0,0,0
US,3,0,0,0
US,14,0,0,0
US,313,3,0,0
US,6,0,0,0
US,41,0,0,0
US,0,0,0,0
US,0,0,0,0
US,4,0,0,0
US,4,0,0,0
US,0,0,0,0
US,3,0,0,0
US,0,0,0,0
US,0,0,0,0
US,0,0,0,0
US,3,0,0,0
US,9,0,0,0
US,3,0,0,0
US,1,0,0,0
US,0,0,0,0
US,7,0,0,0
US,0,0,0,0
US,0,0,0,0
US,0,0,0,0
US,0,0,0,0
US,0,0,0,0
US,0,0,0,0
US,0,0,0,0
US,2,0,0,0
US,315,1,0,0
US,1,0,0,0
US,0,0,0,0
US,0,0,0,0
US,0,0,0,0
US,0,0,0,0
US,8,0,0,0
US,0,0,0,0
US,0,0,0,0
US,0,0,0,0
US,10,0,0,0
US,2,0,0,0
US,45,2,0,0
US,0,0,0,0
US,0,0,0,0
US,0,0,0,0
US,6,0,0,0
US,5,0,0,0
US,3,0,0,0
US,1,0,0,0
US,4,0,0,0
US,0,0,0,0
US,1,0,0,0
US,0,0,0,0
US,0,0,0,0
US,6,0,0,0
US,4,0,0,0
US,5,0,0,0
US,3914,17,0,0
US,2,0,0,0
US,6,0,0,0
US,43,0,0,0
US,0,0,0,0
US,1,0,0,0
US,0,0,0,0
US,1,0,0,0
US,0,0,0,0
US,1,0,0,0
US,1,0,0,0
US,0,0,0,0
US,0,0,0,0
US,0,0,0,0
US,7,0,0,0
US,86,0,0,0
US,14,0,0,0
US,156,2,0,0
US,0,0,0,0
US,13,0,0,0
US,0,0,0,0
US,21873,281,0,0
US,2,0,0,0
US,1,0,0,0
US,12,0,0,0
US,8,1,0,0
US,0,0,0,0
US,10,0,0,0
US,0,0,0,0
US,1,0,0,0
US,3,0,0,0
US,0,0,0,0
US,1,0,0,0
US,14,0,0,0
US,0,0,0,0
US,0,0,0,0
US,3,0,0,0
US,0,0,0,0
US,1,0,0,0
US,0,0,0,0
US,2,0,0,0
US,0,0,0,0
US,0,0,0,0
US,0,0,0,0
US,0,0,0,0
US,292,2,0,0
US,9,0,0,0
US,0,0,0,0
US,0,0,0,0
US,3,0,0,0
US,56,3,0,0
US,0,0,0,0
US,0,0,0,0
US,0,0,0,0
US,0,0,0,0
US,0,0,0,0
US,0,0,0,0
US,1,0,0,0
US,0,0,0,0
US,1,0,0,0
US,0,0,0,0
US,14,0,0,0
US,1,0,0,0
US,0,0,0,0
US,668,15,0,0
US,0,0,0,0
US,389,1,0,0
US,1,0,0,0
US,0,0,0,0
US,7,0,0,0
US,2,0,0,0
US,0,0,0,0
US,1,0,0,0
US,0,0,0,0
US,0,0,0,0
US,0,0,0,0
US,1,0,0,0
US,0,0,0,0
US,2,0,0,0
US,21,0,0,0
US,1,0,0,0
US,0,0,0,0
US,0,0,0,0
US,73,2,0,0
US,2,0,0,0
US,10,0,0,0
US,1,0,0,0
US,1,1,0,0
US,0,0,0,0
US,29,0,0,0
US,0,0,0,0
US,13,0,0,0
US,0,0,0,0
US,111,1,0,0
US,4,0,0,0
US,11,0,0,0
US,0,0,0,0
US,256,1,0,0
US,110,4,0,0
US,1,0,0,0
US,751,1,0,0
US,16,0,0,0
US,1,0,0,0
US,3,0,0,0
US,1,0,0,0
US,9,0,0,0
US,0,0,0,0
US,997,46,0,0
US,2,0,0,0
US,3,0,0,0
US,0,0,0,0
US,0,0,0,0
US,3,0,0,0
US,0,0,0,0
US,42,0,0,0
US,0,0,0,0
US,0,0,0,0
US,0,0,0,0
US,4,0,0,0
US,1,0,0,0
US,0,0,0,0
US,0,0,0,0
US,7,0,0,0
US,3,0,0,0
US,0,0,0,0
US,18,0,0,0
US,0,0,0,0
US,1,0,0,0
US,0,0,0,0
US,0,0,0,0
US,19,1,0,0
US,0,0,0,0
US,7,0,0,0
US,117,0,0,0
US,14,0,0,0
US,4,0,0,0
US,1,0,0,0
US,4,0,0,0
US,0,0,0,0
US,0,0,0,0
US,0,0,0,0
US,8,0,0,0
US,0,0,0,0
US,22,1,0,0
US,0,0,0,0
US,1,0,0,0
US,0,0,0,0
US,169,3,0,0
US,0,0,0,0
US,0,0,0,0
US,0,0,0,0
US,4,0,0,0
US,0,0,0,0
US,1,0,0,0
US,0,0,0,0
US,1,0,0,0
US,0,0,0,0
US,2,0,0,0
US,0,0,0,0
US,19,1,0,0
US,1,0,0,0
US,399,0,0,0
US,0,0,0,0
US,7,0,0,0
US,0,0,0,0
US,0,0,0,0
US,0,0,0,0
US,10,1,0,0
US,1,0,0,0
US,5,0,0,0
US,5,0,0,0
US,16,0,0,0
US,0,0,0,0
US,0,0,0,0
US,1,0,0,0
US,0,0,0,0
US,0,0,0,0
US,0,0,0,0
US,0,0,0,0
US,0,0,0,0
US,1,1,0,0
US,5,0,0,0
US,4,0,0,0
US,0,0,0,0
US,0,0,0,0
US,0,0,0,0
US,0,0,0,0
US,0,0,0,0
US,0,0,0,0
US,0,0,0,0
US,0,0,0,0
US,0,0,0,0
US,1,0,0,0
US,4,0,0,0
US,0,0,0,0
US,0,0,0,0
US,1,0,0,0
US,0,0,0,0
US,1,0,0,0
US,0,0,0,0
US,0,0,0,0
US,0,0,0,0
US,0,0,0,0
US,0,0,0,0
US,0,0,0,0
US,475,1,0,0
US,0,0,0,0
US,0,0,0,0
US,0,0,0,0
US,0,0,0,0
US,0,0,0,0
US,2,0,0,0
US,1,0,0,0
US,4,0,0,0
US,6,0,0,0
US,0,0,0,0
US,1,0,0,0
US,0,0,0,0
US,2,0,0,0
US,186,4,0,0
US,3,0,0,0
US,2,0,0,0
US,1,0,0,0
US,0,0,0,0
US,0,0,0,0
US,0,0,0,0
US,0,0,0,0
US,12,0,0,0
US,0,0,0,0
US,0,0,0,0
US,15,0,0,0
US,75,1,0,0
US,35,0,0,0
US,0,0,0,0
US,64,1,0,0
US,0,0,0,0
US,0,0,0,0
US,23,0,0,0
US,8,0,0,0
US,0,0,0,0
US,1,0,0,0
US,0,0,0,0
US,30,1,0,0
US,13,0,0,0
US,5,0,0,0
US,0,0,0,0
US,0,0,0,0
US,0,0,0,0
US,0,0,0,0
US,0,0,0,0
US,138,0,0,0
US,0,0,0,0
US,0,0,0,0
US,3,0,0,0
US,1,0,0,0
US,1,0,0,0
US,17,0,0,0
US,10,0,0,0
US,24,0,0,0
US,0,0,0,0
US,0,0,0,0
US,0,0,0,0
US,0,0,0,0
US,6,0,0,0
US,0,0,0,0
US,0,0,0,0
US,0,0,0,0
US,0,0,0,0
US,3,0,0,0
US,1,0,0,0
US,1,0,0,0
US,0,0,0,0
US,0,0,0,0
US,1,0,0,0
US,8,0,0,0
US,1,0,0,0
US,5,0,0,0
US,0,0,0,0
US,1,0,0,0
US,1,0,0,0
US,2,0,0,0
US,3,0,0,0
US,1,0,0,0
US,0,0,0,0
US,3,0,0,0
US,0,0,0,0
US,0,0,0,0
US,0,0,0,0
US,0,0,0,0
US,4,0,0,0
US,0,0,0,0
US,0,0,0,0
US,0,0,0,0
US,0,0,0,0
US,0,0,0,0
US,1,0,0,0
US,0,0,0,0
US,0,0,0,0
US,2,0,0,0
US,0,0,0,0
US,2,0,0,0
US,0,0,0,0
US,101,2,0,0
US,36,0,0,0
US,0,0,0,0
US,91,0,0,0
US,0,0,0,0
US,3,0,0,0
US,83,0,0,0
US,1,0,0,0
US,0,0,0,0
US,0,0,0,0
US,3,0,0,0
US,4,0,0,0
US,0,0,0,0
US,0,0,0,0
US,12,0,0,0
US,0,0,0,0
US,0,0,0,0
US,2,1,0,0
US,0,0,0,0
US,94,0,0,0
US,0,0,0,0
US,11,0,0,0
US,2,0,0,0
US,0,0,0,0
US,2,0,0,0
US,0,0,0,0
US,0,0,0,0
US,2,0,0,0
US,0,0,0,0
US,8,0,0,0
US,1,0,0,0
US,0,0,0,0
US,1,0,0,0
US,1,0,0,0
US,32,2,0,0
US,3,0,0,0
US,2,0,0,0
US,0,0,0,0
US,1,0,0,0
US,1,0,0,0
US,0,0,0,0
US,0,0,0,0
US,1,0,0,0
US,3,0,0,0
US,0,0,0,0
US,23,1,0,0
US,0,0,0,0
US,25,1,0,0
US,0,0,0,0
US,1,0,0,0
US,0,0,0,0
US,0,0,0,0
US,0,0,0,0
US,0,0,0,0
US,0,0,0,0
US,0,0,0,0
US,0,0,0,0
US,0,0,0,0
US,0,0,0,0
US,1,0,0,0
US,0,0,0,0
US,4,0,0,0
US,44,0,0,0
US,1,0,0,0
US,0,0,0,0
US,0,0,0,0
US,0,0,0,0
US,0,0,0,0
US,0,0,0,0
US,2,0,0,0
US,0,0,0,0
US,0,0,0,0
US,0,0,0,0
US,1,0,0,0
US,0,0,0,0
US,0,0,0,0
US,4,0,0,0
US,59,0,0,0
US,0,0,0,0
US,10,0,0,0
US,0,0,0,0
US,0,0,0,0
US,0,0,0,0
US,14,0,0,0
US,1,0,0,0
US,0,0,0,0
US,2,0,0,0
US,0,0,0,0
US,2,0,0,0
US,11,0,0,0
US,0,0,0,0
US,0,0,0,0
US,105,8,0,0
US,1,0,0,0
US,0,0,0,0
US,1,0,0,0
US,0,0,0,0
US,0,0,0,0
US,0,0,0,0
US,0,0,0,0
US,20,0,0,0
US,1,0,0,0
US,2,0,0,0
US,0,0,0,0
US,0,0,0,0
US,8,0,0,0
US,3,0,0,0
US,2,0,0,0
US,0,0,0,0
US,12,0,0,0
US,56,0,0,0
US,0,0,0,0
US,3,0,0,0
US,1197,5,0,0
US,2,0,0,0
US,0,0,0,0
US,0,0,0,0
US,0,0,0,0
US,0,0,0,0
US,1,0,0,0
US,0,0,0,0
US,1,0,0,0
US,0,0,0,0
US,0,0,0,0
US,0,0,0,0
US,9,0,0,0
US,0,0,0,0
US,12,0,0,0
US,0,0,0,0
US,1,0,0,0
US,0,0,0,0
US,2,0,0,0
US,0,0,0,0
US,1,0,0,0
US,0,0,0,0
US,0,0,0,0
US,0,0,0,0
US,0,0,0,0
US,27,0,0,0
US,5,0,0,0
US,0,0,0,0
US,0,0,0,0
US,0,0,0,0
US,113,5,0,0
US,4,0,0,0
US,10,0,0,0
US,0,0,0,0
US,2,0,0,0
US,0,0,0,0
US,4,0,0,0
US,0,0,0,0
US,0,0,0,0
US,0,0,0,0
US,0,0,0,0
US,178,0,0,0
US,1,0,0,0
US,1,0,0,0
US,0,0,0,0
US,9,1,0,0
US,54,2,0,0
US,293,3,0,0
US,223,2,0,0
US,0,0,0,0
US,71,3,0,0
US,0,0,0,0
US,8,0,0,0
US,0,0,0,0
US,2,0,0,0
US,54,0,0,0
US,195,5,0,0
US,1,0,0,0
US,1,0,0,0
US,2,0,0,0
US,0,0,0,0
US,0,0,0,0
US,0,0,0,0
US,8,0,0,0
US,1,0,0,0
US,5,1,0,0
US,1,0,0,0
US,0,0,0,0
US,26,0,0,0
US,542,19,0,0
US,2,0,0,0
US,25,0,0,0
US,17,0,0,0
US,9,1,0,0
US,34,1,0,0
US,73,0,0,0
US,0,0,0,0
US,8,0,0,0
US,7,0,0,0
US,2,0,0,0
US,0,0,0,0
US,62,1,0,0
US,0,0,0,0
US,0,0,0,0
US,2,0,0,0
US,0,0,0,0
US,0,0,0,0
US,0,0,0,0
US,0,0,0,0
US,9,0,0,0
US,0,0,0,0
US,0,0,0,0
US,1,0,0,0
US,0,0,0,0
US,0,0,0,0
US,1,1,0,0
US,7,0,0,0
US,0,0,0,0
US,1,0,0,0
US,6,0,0,0
US,4,0,0,0
US,1,0,0,0
US,1,0,0,0
US,0,0,0,0
US,0,0,0,0
US,0,0,0,0
US,0,0,0,0
US,2,0,0,0
US,2,0,0,0
US,0,0,0,0
US,16,0,0,0
US,37,0,0,0
US,2,0,0,0
US,0,0,0,0
US,0,0,0,0
US,1,0,0,0
US,0,0,0,0
US,1,0,0,0
US,1,0,0,0
US,3,0,0,0
US,0,0,0,0
US,0,0,0,0
US,0,0,0,0
US,0,0,0,0
US,0,0,0,0
US,0,0,0,0
US,0,0,0,0
US,3,1,0,0
US,0,0,0,0
US,4,0,0,0
US,7,0,0,0
US,52,0,0,0
US,0,0,0,0
US,2,0,0,0
US,0,0,0,0
US,0,0,0,0
US,1,0,0,0
US,1,0,0,0
US,198,0,0,0
US,1,0,0,0
US,3,0,0,0
US,1,0,0,0
US,0,0,0,0
US,0,0,0,0
US,0,0,0,0
US,0,0,0,0
US,4,0,0,0
US,0,0,0,0
US,0,0,0,0
US,0,0,0,0
US,0,0,0,0
US,1,0,0,0
US,0,0,0,0
US,1,0,0,0
US,0,0,0,0
US,0,0,0,0
US,5,0,0,0
US,1,0,0,0
US,1,0,0,0
US,2,0,0,0
US,0,0,0,0
US,0,0,0,0
US,3,0,0,0
US,0,0,0,0
US,78,1,0,0
US,0,0,0,0
US,0,0,0,0
US,0,0,0,0
US,0,0,0,0
US,1,0,0,0
US,0,0,0,0
US,21,1,0,0
US,0,0,0,0
US,778,18,0,0
US,0,0,0,0
US,2,0,0,0
US,31,0,0,0
US,0,0,0,0
US,1,0,0,0
US,179,1,0,0
US,2,0,0,0
US,0,0,0,0
US,37,1,0,0
US,0,0,0,0
US,0,0,0,0
US,11,0,0,0
US,9,0,0,0
US,0,0,0,0
US,1,0,0,0
US,0,0,0,0
US,67,0,0,0
US,3,0,0,0
US,28,1,0,0
US,22,2,0,0
US,24,1,0,0
US,6,0,0,0
US,7,0,0,0
US,13,0,0,0
US,0,0,0,0
US,4,0,0,0
US,0,0,0,0
US,2,0,0,0
US,0,0,0,0
US,29,1,0,0
US,38,2,0,0
US,33,1,0,0
US,21,0,0,0
US,0,0,0,0
US,5,0,0,0
US,4,0,0,0
US,5,0,0,0
US,173,2,0,0
US,69,1,0,0
US,10,0,0,0
US,2,0,0,0
US,5,0,0,0
US,4,0,0,0
US,89,1,0,0
US,0,0,0,0
US,11,0,0,0
US,13,0,0,0
US,0,0,0,0
US,0,0,0,0
US,0,0,0,0
US,0,0,0,0
US,0,0,0,0
US,3,0,0,0
US,16,2,0,0
US,1,0,0,0
US,1,0,0,0
US,0,0,0,0
US,0,0,0,0
US,5,0,0,0
US,5,0,0,0
US,0,0,0,0
US,1,0,0,0
US,1,0,0,0
US,0,0,0,0
US,1,0,0,0
US,0,0,0,0
US,0,0,0,0
US,11,0,0,0
US,0,0,0,0
US,0,0,0,0
US,2,0,0,0
US,0,0,0,0
US,0,0,0,0
US,0,0,0,0
US,1,0,0,0
US,0,0,0,0
US,1,0,0,0
US,0,0,0,0
US,0,0,0,0
US,0,0,0,0
US,0,0,0,0
US,2,0,0,0
US,7,0,0,0
US,0,0,0,0
US,0,0,0,0
US,448,2,0,0
US,2735,22,0,0
US,1,0,0,0
US,1,0,0,0
US,0,0,0,0
US,1,0,0,0
US,53,0,0,0
US,0,0,0,0
US,4,0,0,0
US,0,0,0,0
US,0,0,0,0
US,9,0,0,0
US,50,0,0,0
US,95,0,0,0
US,1,0,0,0
US,43,0,0,0
US,0,0,0,0
US,24,0,0,0
US,5,0,0,0
US,10,2,0,0
US,4,0,0,0
US,1,0,0,0
US,0,0,0,0
US,1,0,0,0
US,27,1,0,0
US,49,0,0,0
US,0,0,0,0
US,2,0,0,0
US,0,0,0,0
US,0,0,0,0
US,0,0,0,0
US,0,0,0,0
US,1,0,0,0
US,0,0,0,0
US,1,0,0,0
US,0,0,0,0
US,0,0,0,0
US,1,0,0,0
US,0,0,0,0
US,4,0,0,0
US,2,0,0,0
US,4,0,0,0
US,4,0,0,0
US,1,0,0,0
US,7,0,0,0
US,3,0,0,0
US,100,1,0,0
US,6,0,0,0
US,2,0,0,0
US,0,0,0,0
US,1,0,0,0
US,0,0,0,0
US,0,0,0,0
US,1,0,0,0
US,0,0,0,0
US,0,0,0,0
US,0,0,0,0
US,0,0,0,0
US,0,0,0,0
US,0,0,0,0
US,7,1,0,0
US,0,0,0,0
US,21,0,0,0
US,5,0,0,0
US,0,0,0,0
US,3,0,0,0
US,2,0,0,0
US,0,0,0,0
US,7,0,0,0
US,0,0,0,0
US,0,0,0,0
US,0,0,0,0
US,1,0,0,0
US,0,0,0,0
US,0,0,0,0
US,0,0,0,0
US,0,0,0,0
US,24,0,0,0
US,5,0,0,0
US,1,0,0,0
US,0,0,0,0
US,2,0,0,0
US,0,0,0,0
US,14,0,0,0
US,7,0,0,0
US,2,0,0,0
US,8,0,0,0
US,0,0,0,0
US,0,0,0,0
US,0,0,0,0
US,0,0,0,0
US,0,0,0,0
US,33,3,0,0
US,2,0,0,0
US,23,0,0,0
US,4,0,0,0
US,1,0,0,0
US,1,0,0,0
US,0,0,0,0
US,0,0,0,0
US,0,0,0,0
US,0,0,0,0
US,2,0,0,0
US,0,0,0,0
US,119,0,0,0
US,0,0,0,0
US,0,0,0,0
US,0,0,0,0
US,0,0,0,0
US,0,0,0,0
US,0,0,0,0
US,0,0,0,0
US,0,0,0,0
US,0,0,0,0
US,10,0,0,0
US,0,0,0,0
US,12,1,0,0
US,2,0,0,0
US,18,0,0,0
US,41,1,0,0
US,5,1,0,0
US,0,0,0,0
US,2,0,0,0
US,0,0,0,0
US,19,0,0,0
US,3,0,0,0
US,2,1,0,0
US,2,0,0,0
US,1,0,0,0
US,0,0,0,0
US,0,0,0,0
US,0,0,0,0
US,0,0,0,0
US,0,0,0,0
US,78,0,0,0
US,2,0,0,0
US,0,1,0,0
US,0,4,0,0
US,24,1,0,0
US,102,0,0,0
US,166,32,0,0
US,8,0,0,0
US,668,0,0,0
US,104,0,0,0
US,13,1,0,0
US,1,0,0,0
US,267,9,0,0
US,4,4,0,0
US,1478,63,0,0
US,0,45,0,0
US,33,0,0,0
US,112,0,0,0
US,8,4,0,0
US,69,0,0,0
US,0,0,0,0
US,1,0,0,0
US,0,0,0,0
US,0,0,0,0
US,0,0,0,0
US,0,0,0,0
US,0,0,0,0
US,0,0,0,0
US,2,0,0,0
US,2,0,0,0
US,432,0,0,0
US,0,0,0,0
US,27,0,0,0
US,3,0,0,0
US,1,0,0,0
US,0,0,0,0
US,1,0,0,0
US,0,0,0,0
US,0,0,0,0
US,0,0,0,0
US,0,0,0,0
US,0,0,0,0
US,0,0,0,0
US,24,0,0,0
US,0,0,0,0
US,1,0,0,0
US,0,0,0,0
US,0,0,0,0
US,1,0,0,0
US,0,0,0,0
US,0,0,0,0
US,11,0,0,0
US,0,0,0,0
US,2,0,0,0
US,0,0,0,0
US,0,0,0,0
US,1,0,0,0
US,2,0,0,0
US,4,0,0,0
US,0,0,0,0
US,50,1,0,0
US,0,0,0,0
US,1,0,0,0
US,0,0,0,0
US,2,0,0,0
US,0,0,0,0
US,0,0,0,0
US,3,0,0,0
US,3,0,0,0
US,1,0,0,0
US,0,0,0,0
US,26,1,0,0
US,29,0,0,0
US,0,0,0,0
US,0,0,0,0
US,4,0,0,0
US,0,0,0,0
US,0,0,0,0
US,6,0,0,0
US,0,0,0,0
US,100,0,0,0
US,0,0,0,0
US,2,0,0,0
US,17,0,0,0
US,0,0,0,0
US,3,0,0,0
US,2,0,0,0
US,0,0,0,0
US,0,0,0,0
US,0,0,0,0
US,1,0,0,0
US,4,0,0,0
US,13,0,0,0
US,0,0,0,0
US,0,0,0,0
US,5,0,0,0
US,1,0,0,0
US,3,0,0,0
US,0,0,0,0
US,1,0,0,0
US,0,0,0,0
US,0,0,0,0
US,1,0,0,0
US,1,0,0,0
US,5,0,0,0
US,0,0,0,0
US,0,0,0,0
US,31,0,0,0
US,2,0,0,0
US,0,0,0,0
US,10,0,0,0
US,1,0,0,0
US,0,0,0,0
US,1,0,0,0
US,3,0,0,0
US,20,0,0,0
US,1,0,0,0
US,2,0,0,0
US,0,0,0,0
US,0,0,0,0
US,2,0,0,0
US,10,0,0,0
US,1,0,0,0
US,0,0,0,0
US,2,0,0,0
US,0,0,0,0
US,1,0,0,0
US,3,0,0,0
US,8,0,0,0
US,0,0,0,0
US,0,0,0,0
US,6,1,0,0
US,0,0,0,0
US,4,0,0,0
US,15,0,0,0
US,9,0,0,0
US,0,0,0,0
US,4,0,0,0
US,4,0,0,0
US,0,0,0,0
US,1,0,0,0
US,5,0,0,0
US,104,3,0,0
US,12,0,0,0
US,14,0,0,0
US,9,0,0,0
US,0,0,0,0
US,8,0,0,0
US,7,0,0,0
US,1,0,0,0
US,25,0,0,0
US,0,0,0,0
US,57,0,0,0
US,92,3,0,0
US,3,0,0,0
US,0,0,0,0
US,56,0,0,0
US,1,0,0,0
US,0,0,0,0
US,0,0,0,0
US,0,0,0,0
US,1,0,0,0
US,0,0,0,0
US,0,0,0,0
US,1389,26,0,0
US,0,0,0,0
US,0,0,0,0
US,0,0,0,0
US,8,0,0,0
US,3,0,0,0
US,2,0,0,0
US,6,0,0,0
US,0,0,0,0
US,0,0,0,0
US,0,0,0,0
US,0,0,0,0
US,0,0,0,0
US,11,0,0,0
US,14,0,0,0
US,0,0,0,0
US,0,0,0,0
US,1,0,0,0
US,8,1,0,0
US,2,1,0,0
US,0,0,0,0
US,0,0,0,0
US,0,0,0,0
US,107,4,0,0
US,1,0,0,0
US,0,0,0,0
US,8,1,0,0
US,0,0,0,0
US,0,0,0,0
US,5944,1,0,0
US,24,0,0,0
US,0,0,0,0
US,0,0,0,0
US,0,0,0,0
US,1,0,0,0
US,3,0,0,0
US,86,4,0,0
US,0,0,0,0
US,0,0,0,0
US,0,0,0,0
US,0,0,0,0
US,0,0,0,0
US,1,0,0,0
US,1,0,0,0
US,0,0,0,0
US,0,0,0,0
US,1,0,0,0
US,0,0,0,0
US,1,0,0,0
US,5,0,0,0
US,0,0,0,0
US,0,0,0,0
US,3,0,0,0
US,0,0,0,0
US,0,0,0,0
US,10,0,0,0
US,5,0,0,0
US,0,0,0,0
US,2,0,0,0
US,0,0,0,0
US,1,0,0,0
US,0,0,0,0
US,1,0,0,0
US,0,0,0,0
US,8,1,0,0
US,40,3,0,0
US,0,0,0,0
US,0,0,0,0
US,0,0,0,0
US,1,0,0,0
US,5,1,0,0
US,0,0,0,0
US,70,0,0,0
US,27,0,0,0
US,0,0,0,0
US,7,0,0,0
US,13,0,0,0
US,1,0,0,0
US,0,0,0,0
US,3,0,0,0
US,7,0,0,0
US,17,1,0,0
US,0,0,0,0
US,1,0,0,0
US,7,0,0,0
US,0,0,0,0
US,6,0,0,0
US,1,0,0,0
US,4,0,0,0
US,0,0,0,0
US,3,0,0,0
US,0,0,0,0
US,0,0,0,0
US,0,0,0,0
US,0,0,0,0
US,6,0,0,0
US,0,0,0,0
US,1,0,0,0
US,1,0,0,0
US,2,0,0,0
US,3,0,0,0
US,0,0,0,0
US,1,0,0,0
US,0,0,0,0
US,1,0,0,0
US,0,0,0,0
US,2,0,0,0
US,166,3,0,0
US,5,0,0,0
US,0,0,0,0
US,0,0,0,0
US,0,0,0,0
US,0,0,0,0
US,5,0,0,0
US,0,0,0,0
US,1,0,0,0
US,34,2,0,0
US,7,1,0,0
US,0,0,0,0
US,0,0,0,0
US,0,0,0,0
US,0,0,0,0
US,61,2,0,0
US,0,0,0,0
US,3,0,0,0
US,7,0,0,0
US,0,0,0,0
US,0,0,0,0
US,0,0,0,0
US,5,0,0,0
US,3,0,0,0
US,0,0,0,0
US,0,0,0,0
US,14,0,0,0
US,0,0,0,0
US,11,1,0,0
US,27,0,0,0
US,0,0,0,0
US,21,0,0,0
US,18,0,0,0
US,9,1,0,0
US,1,0,0,0
US,3,0,0,0
US,0,0,0,0
US,4,0,0,0
US,2,0,0,0
US,0,0,0,0
US,0,0,0,0
US,0,0,0,0
Canada,486,2,0,0
US,0,0,0,0
China,990,6,984,0
Netherlands,28,0,1,27
Australia,53,0,1,52
China,566,8,406,152
United Kingdom,15,0,2,13
Canada,725,14,0,0
United Kingdom,8,1,0,7
United Kingdom,66,1,0,65
China,578,6,570,2
Netherlands,6,1,2,3
Canada,0,1,0,0
US,49,0,0,0
Denmark,140,0,47,93
France,28,0,6,22
France,30,0,0,30
China,328,1,295,32
China,136,2,121,13
United Kingdom,35,0,13,22
Canada,13,0,0,0
US,28,1,0,0
Denmark,6,0,2,4
France,73,1,0,72
US,45,1,0,0
China,1448,8,1336,104
China,254,2,250,2
China,146,2,144,0
China,168,6,168,-6
China,319,6,310,3
China,484,13,469,2
China,1275,22,1250,3
China,453,4,110,339
China,67801,3169,61201,3431
China,1018,4,1014,0
China,89,1,74,14
United Kingdom,25,0,0,25
China,640,0,631,9
China,936,1,934,1
China,95,1,92,2
China,128,2,124,2
China,31,0,10,21
Canada,36,0,0,0
France,66,1,0,65
France,36,0,0,36
United Kingdom,5,0,0,5
Canada,33,0,0,0
France,14,0,0,14
Australia,1219,7,4,1208
Canada,82,0,0,0
China,75,0,75,0
US,0,0,0,0
Australia,12,0,0,12
Canada,1,0,0,0
Canada,73,0,0,0
Canada,858,13,0,0
Canada,5,0,0,0
US,64,2,0,0
China,18,0,18,0
Canada,1632,8,0,0
Australia,493,1,8,484
Canada,0,0,184,0
US,0,0,681,0
France,135,0,1,134
France,3,0,0,3
Canada,95,0,0,0
China,253,3,242,8
China,771,7,752,12
China,451,5,331,115
China,135,0,133,2
China,547,3,536,8
Netherlands,3,0,0,3
Australia,235,0,6,229
France,11,0,0,11
Australia,47,0,3,44
China,151,3,133,15
China,1,0,1,0
Australia,520,3,149,368
US,17,0,0,0
Australia,231,2,1,228
China,76,3,73,0
Canada,3,0,0,0
China,178,2,172,4
China,1243,1,1222,20
Afghanistan,94,4,2,88
Albania,174,6,17,151
Algeria,367,25,29,313
Andorra,224,3,1,220
Angola,4,0,0,4
Antigua and Barbuda,7,0,0,7
Argentina,502,9,63,430
Armenia,290,1,18,271
Austria,6909,49,112,6748
Azerbaijan,122,3,15,104
Bahamas,9,0,1,8
Bahrain,458,4,204,250
Bangladesh,44,5,11,28
Barbados,18,0,0,18
Belarus,86,0,29,57
Belgium,6235,220,675,5340
Belize,2,0,0,2
Benin,6,0,0,6
Bhutan,2,0,0,2
Bolivia,43,0,0,43
Bosnia and Herzegovina,191,3,2,186
Brazil,2985,77,6,2902
Brunei,114,0,5,109
Bulgaria,264,3,8,253
Burkina Faso,152,7,10,135
Cabo Verde,4,1,0,3
Cambodia,96,0,10,86
Cameroon,75,1,2,72
Central African Republic,3,0,0,3
Chad,3,0,0,3
Chile,1306,4,22,1280
Colombia,491,6,8,477
Congo (Brazzaville),4,0,0,4
Congo (Kinshasa),51,3,0,48
Costa Rica,231,2,2,227
Cote d'Ivoire,96,0,3,93
Croatia,495,3,22,470
Cuba,67,2,1,64
Cyprus,146,3,4,139
Czechia,1925,9,10,1906
Denmark,1877,41,1,1835
Diamond Princess,712,10,597,105
Djibouti,11,0,0,11
Dominica,11,0,0,11
Dominican Republic,488,10,3,475
Ecuador,1403,34,3,1366
Egypt,495,24,102,369
El Salvador,13,0,0,13
Equatorial Guinea,12,0,0,12
Eritrea,6,0,0,6
Estonia,538,1,8,529
Eswatini,6,0,0,6
Ethiopia,12,0,0,12
Fiji,5,0,0,5
Finland,958,5,10,943
France,29155,1696,4948,22511
Gabon,7,1,0,6
Gambia,3,1,0,2
Georgia,79,0,11,68
Germany,43938,267,5673,37998
Ghana,132,4,1,127
Greece,892,26,36,830
Grenada,7,0,0,7
Guatemala,25,1,4,20
Guinea,4,0,0,4
Guinea-Bissau,2,0,0,2
Guyana,5,1,0,4
Haiti,8,0,0,8
Holy See,4,0,0,4
Honduras,52,1,0,51
Hungary,261,10,28,223
Iceland,802,2,82,718
India,727,20,45,662
Indonesia,893,78,35,780
Iran,29406,2234,10457,16715
Iraq,382,36,105,241
Ireland,1819,19,5,1795
Israel,2693,8,68,2617
Italy,80589,8215,10361,62013
Jamaica,26,1,2,23
Japan,1387,47,359,981
Jordan,212,0,1,211
Kazakhstan,111,1,2,108
Kenya,31,1,1,29
"Korea, South",9241,131,4144,4966
Kosovo,71,1,0,70
Kuwait,208,0,49,159
Kyrgyzstan,44,0,0,44
Laos,6,0,0,6
Latvia,244,0,1,243
Lebanon,368,6,23,339
Liberia,3,0,0,3
Libya,1,0,0,1
Liechtenstein,56,0,0,56
Lithuania,299,4,1,294
Luxembourg,1453,9,6,1438
Madagascar,23,0,0,23
Malaysia,2031,23,215,1793
Maldives,13,0,8,5
Mali,4,0,0,4
Malta,134,0,2,132
Mauritania,3,0,0,3
Mauritius,81,2,0,79
Mexico,475,6,4,465
Moldova,177,1,2,174
Monaco,33,0,1,32
Mongolia,11,0,0,11
Montenegro,69,1,0,68
Morocco,275,11,8,256
Mozambique,7,0,0,7
Namibia,8,0,2,6
Nepal,3,0,1,2
Netherlands,7431,434,3,6994
New Zealand,283,0,27,256
Nicaragua,2,0,0,2
Niger,10,1,0,9
Nigeria,65,1,2,62
North Macedonia,201,3,3,195
Norway,3369,14,6,3349
Oman,109,0,23,86
Pakistan,1201,9,21,1171
Panama,558,8,2,548
Papua New Guinea,1,0,0,1
Paraguay,41,3,0,38
Peru,580,9,14,557
Philippines,707,45,28,634
Poland,1221,16,7,1198
Portugal,3544,60,43,3441
Qatar,549,0,43,506
Romania,1029,23,94,912
Russia,840,3,38,799
Rwanda,50,0,0,50
Saint Kitts and Nevis,2,0,0,2
Saint Lucia,3,0,0,3
Saint Vincent and the Grenadines,1,0,0,1
San Marino,208,21,4,183
Saudi Arabia,1012,3,33,976
Senegal,105,0,9,96
Serbia,384,1,0,383
Seychelles,7,0,0,7
Singapore,683,2,172,509
Slovakia,226,0,2,224
Slovenia,562,6,10,546
Somalia,2,0,0,2
South Africa,927,0,12,915
Spain,57786,4365,7015,46406
Sri Lanka,106,0,7,99
Sudan,3,1,0,2
Suriname,8,0,0,8
Sweden,2840,77,16,2747
Switzerland,11811,191,131,11489
Syria,5,0,0,5
Taiwan*,252,2,29,221
Tanzania,13,0,0,13
Thailand,1045,4,88,953
Timor-Leste,1,0,0,1
Togo,23,0,1,22
Trinidad and Tobago,65,1,0,64
Tunisia,197,6,2,189
Turkey,3629,75,26,3528
Uganda,14,0,0,14
Ukraine,196,5,1,190
United Arab Emirates,333,2,52,279
United Kingdom,11658,578,135,10945
Uruguay,217,0,0,217
Uzbekistan,75,0,0,75
Venezuela,107,0,15,92
Vietnam,153,0,20,133
West Bank and Gaza,84,1,17,66
Zambia,16,0,0,16
Zimbabwe,3,1,0,2
